{"cameraMode":{"drawMode":0,"name":"Shaded","section":"Shading Mode"},"sceneLighting":false,"audioPlay":false,"sceneViewState":{"showFog":true,"showMaterialUpdate":false,"showSkybox":false,"showFlares":true,"showImageEffects":true,"showParticleSystems":true},"in2DMode":false,"pivot":{"x":1.734771490097046,"y":1.8058853149414063,"z":-30.049949645996095},"rotation":{"x":0.12768548727035523,"y":-0.07431302219629288,"z":0.009594389237463475,"w":0.9889815449714661},"size":25.94280242919922,"orthographic":false}